"trait","model","index","beta","se","lower95","upper95","n","p_val","outcome","strata","p_label","batch"
"REI3","mdl1_both_covar","1",0.49647235621407,0.034,0.42983235621407,0.56311235621407,3299,0.0000000000000000000000000000000000000000000000012558369134053,"sdb_pc1","both","***","batch_1"
"REI3","mdl2_both_covar","2",0.496136767094589,0.034,0.429496767094589,0.562776767094589,3256,0.000000000000000000000000000000000000000000000000563058882468524,"sdb_pc1","both","***","batch_1"
"log_HB","mdl1_both_covar","3",0.749884461523832,0.024,0.702844461523832,0.796924461523832,3299,0.0000000000000000000000000000000000000000000000000000000000000000000000000000000000000000000000000000000000000000000000000000000000000000000000000000000000000000000000000000000000000000000000000000000000000000000000000000645696197516001,"sdb_pc1","both","***","batch_1"
"log_HB","mdl2_both_covar","4",0.749286419017093,0.024,0.702246419017093,0.796326419017093,3256,0.00000000000000000000000000000000000000000000000000000000000000000000000000000000000000000000000000000000000000000000000000000000000000000000000000000000000000000000000000000000000000000000000000000000000000000000000141074546876323,"sdb_pc1","both","***","batch_1"
"sdbpc1_mrs","mdl1_both_covar","5",0.288163633557648,0.024,0.241123633557648,0.335203633557648,3299,0.00000000000000000000000000000000203206534754376,"sdb_pc1","both","***","batch_1"
"sdbpc1_mrs","mdl2_both_covar","6",0.290368230695473,0.024,0.243328230695473,0.337408230695473,3256,0.000000000000000000000000000000000475231261958029,"sdb_pc1","both","***","batch_1"
"sex_sdbpc1_mrs","mdl1_both_covar","7",0.31888854089318,0.021,0.27772854089318,0.36004854089318,3299,0.0000000000000000000000000000000000000000000000000000182210310517695,"sdb_pc1","both","***","batch_1"
"sex_sdbpc1_mrs","mdl2_both_covar","8",0.31913048640119,0.021,0.27797048640119,0.36029048640119,3256,0.000000000000000000000000000000000000000000000000000015320291836815,"sdb_pc1","both","***","batch_1"
"sex_sdbpc2_mrs","mdl1_both_covar","9",0.0203008638216374,0.022,-0.0228191361783626,0.0634208638216374,3299,0.346168919716858,"sdb_pc1","both","","batch_1"
"sex_sdbpc2_mrs","mdl2_both_covar","10",0.0179457362052273,0.021,-0.0232142637947727,0.0591057362052273,3256,0.398685639184198,"sdb_pc1","both","","batch_1"
"sdbpc2_mrs","mdl1_both_covar","11",0.0386897319270127,0.028,-0.0161902680729873,0.0935697319270127,3299,0.161786455323947,"sdb_pc1","both","","batch_1"
"sdbpc2_mrs","mdl2_both_covar","12",0.0375108993863888,0.029,-0.0193291006136112,0.0943508993863888,3256,0.188536213102925,"sdb_pc1","both","","batch_1"
"osa_lasso_mrs","mdl1_both_covar","13",0.106563307903905,0.024,0.0595233079039045,0.153603307903905,3299,0.0000087988695870593,"sdb_pc1","both","***","batch_1"
"osa_lasso_mrs","mdl2_both_covar","14",0.1090116575732,0.024,0.0619716575732003,0.1560516575732,3256,0.00000530181871452806,"sdb_pc1","both","***","batch_1"
"REI3","mdl1_both_covar","1",0.172621975175846,0.017,0.139301975175846,0.205941975175846,3299,0.00000000000000000000000588088381127121,"sdb_pc2","both","***","batch_1"
"REI3","mdl2_both_covar","2",0.16988658380784,0.018,0.13460658380784,0.20516658380784,3256,0.00000000000000000000105709935695475,"sdb_pc2","both","***","batch_1"
"log_HB","mdl1_both_covar","3",-0.333412085489013,0.029,-0.390252085489013,-0.276572085489013,3299,0.00000000000000000000000000000129106444096837,"sdb_pc2","both","***","batch_1"
"log_HB","mdl2_both_covar","4",-0.330123879165645,0.029,-0.386963879165645,-0.273283879165645,3256,0.00000000000000000000000000000872216790474128,"sdb_pc2","both","***","batch_1"
"sdbpc1_mrs","mdl1_both_covar","5",0.00304742347864548,0.025,-0.0459525765213545,0.0520474234786455,3299,0.901560971135554,"sdb_pc2","both","","batch_1"
"sdbpc1_mrs","mdl2_both_covar","6",-0.000646027263548629,0.025,-0.0496460272635486,0.0483539727364514,3256,0.979591876697235,"sdb_pc2","both","","batch_1"
"sex_sdbpc1_mrs","mdl1_both_covar","7",-0.0197739370699154,0.023,-0.0648539370699154,0.0253060629300846,3299,0.38200978302622,"sdb_pc2","both","","batch_1"
"sex_sdbpc1_mrs","mdl2_both_covar","8",-0.0213048814823967,0.023,-0.0663848814823967,0.0237751185176033,3256,0.357278067485307,"sdb_pc2","both","","batch_1"
"sex_sdbpc2_mrs","mdl1_both_covar","9",0.172874724237209,0.024,0.125834724237209,0.219914724237209,3299,0.000000000000695156701648494,"sdb_pc2","both","***","batch_1"
"sex_sdbpc2_mrs","mdl2_both_covar","10",0.163950923312431,0.024,0.116910923312431,0.210990923312431,3256,0.00000000000544232909158425,"sdb_pc2","both","***","batch_1"
"sdbpc2_mrs","mdl1_both_covar","11",0.234333316905666,0.024,0.187293316905666,0.281373316905666,3299,0.000000000000000000000603808257600567,"sdb_pc2","both","***","batch_1"
"sdbpc2_mrs","mdl2_both_covar","12",0.231137090459792,0.024,0.184097090459792,0.278177090459792,3256,0.000000000000000000000550487061955192,"sdb_pc2","both","***","batch_1"
"osa_lasso_mrs","mdl1_both_covar","13",0.0282704942778742,0.025,-0.0207295057221258,0.0772704942778742,3299,0.251856957929857,"sdb_pc2","both","","batch_1"
"osa_lasso_mrs","mdl2_both_covar","14",0.0254261054640293,0.025,-0.0235738945359707,0.0744261054640293,3256,0.306330571617599,"sdb_pc2","both","","batch_1"
"REI3","mdl1_both_covar","1",0.76996822880784,0.059,0.65432822880784,0.88560822880784,1874,0.0000000000000000000000000000000000000021241664604877,"sdb_pc1","female","***","batch_1"
"REI3","mdl2_both_covar","2",0.767034966391737,0.058,0.653354966391737,0.880714966391737,1854,0.0000000000000000000000000000000000000015402388446578,"sdb_pc1","female","***","batch_1"
"log_HB","mdl1_both_covar","3",0.70268513172882,0.022,0.65956513172882,0.74580513172882,1874,0.0000000000000000000000000000000000000000000000000000000000000000000000000000000000000000000000000000000000000000000000000000000000000000000000000000000000000000000000000000000000000000000000000000000000000000000000000000850221122179754,"sdb_pc1","female","***","batch_1"
"log_HB","mdl2_both_covar","4",0.705899859810025,0.022,0.662779859810025,0.749019859810026,1854,0.0000000000000000000000000000000000000000000000000000000000000000000000000000000000000000000000000000000000000000000000000000000000000000000000000000000000000000000000000000000000000000000000000000000000000000000000000000492733752933548,"sdb_pc1","female","***","batch_1"
"sdbpc1_mrs","mdl1_both_covar","5",0.303928529607972,0.028,0.249048529607972,0.358808529607972,1874,0.00000000000000000000000000154552390044654,"sdb_pc1","female","***","batch_1"
"sdbpc1_mrs","mdl2_both_covar","6",0.307147968338493,0.028,0.252267968338493,0.362027968338493,1854,0.000000000000000000000000000271583100960146,"sdb_pc1","female","***","batch_1"
"sex_sdbpc1_mrs","mdl1_both_covar","7",0.317539757647537,0.027,0.264619757647537,0.370459757647537,1874,0.0000000000000000000000000000000193543480760996,"sdb_pc1","female","***","batch_1"
"sex_sdbpc1_mrs","mdl2_both_covar","8",0.317717753266176,0.026,0.266757753266176,0.368677753266176,1854,0.0000000000000000000000000000000000574355308005336,"sdb_pc1","female","***","batch_1"
"sex_sdbpc2_mrs","mdl1_both_covar","9",-0.0382528539613886,0.038,-0.112732853961389,0.0362271460386114,1874,0.315649242116095,"sdb_pc1","female","","batch_1"
"sex_sdbpc2_mrs","mdl2_both_covar","10",-0.0339161854827889,0.035,-0.102516185482789,0.0346838145172111,1854,0.338532958990979,"sdb_pc1","female","","batch_1"
"sdbpc2_mrs","mdl1_both_covar","11",-0.00881077709230931,0.03,-0.0676107770923093,0.0499892229076907,1874,0.766883650441534,"sdb_pc1","female","","batch_1"
"sdbpc2_mrs","mdl2_both_covar","12",-0.00798076199978627,0.029,-0.0648207619997863,0.0488592380002137,1854,0.786649302696956,"sdb_pc1","female","","batch_1"
"osa_lasso_mrs","mdl1_both_covar","13",0.121959908129333,0.03,0.0631599081293334,0.180759908129333,1874,0.0000597796221889048,"sdb_pc1","female","***","batch_1"
"osa_lasso_mrs","mdl2_both_covar","14",0.121123192105513,0.029,0.0642831921055129,0.177963192105513,1854,0.0000357869942619889,"sdb_pc1","female","***","batch_1"
"REI3","mdl1_both_covar","1",0.138992831144079,0.045,0.0507928311440793,0.227192831144079,1874,0.00194725391773539,"sdb_pc2","female","**","batch_1"
"REI3","mdl2_both_covar","2",0.144823253812413,0.047,0.0527032538124128,0.236943253812413,1854,0.0019189064363701,"sdb_pc2","female","**","batch_1"
"log_HB","mdl1_both_covar","3",-0.457229731542967,0.036,-0.527789731542967,-0.386669731542967,1874,0.000000000000000000000000000000000000428478037030111,"sdb_pc2","female","***","batch_1"
"log_HB","mdl2_both_covar","4",-0.445404118693703,0.036,-0.515964118693703,-0.374844118693703,1854,0.0000000000000000000000000000000000993031232333289,"sdb_pc2","female","***","batch_1"
"sdbpc1_mrs","mdl1_both_covar","5",-0.0641603215591041,0.037,-0.136680321559104,0.00835967844089593,1874,0.0868994574928878,"sdb_pc2","female","","batch_1"
"sdbpc1_mrs","mdl2_both_covar","6",-0.0623264230082212,0.037,-0.134846423008221,0.0101935769917788,1854,0.0877967118661059,"sdb_pc2","female","","batch_1"
"sex_sdbpc1_mrs","mdl1_both_covar","7",-0.0807518526561707,0.032,-0.143471852656171,-0.0180318526561707,1874,0.0107656819231973,"sdb_pc2","female","*","batch_1"
"sex_sdbpc1_mrs","mdl2_both_covar","8",-0.0711486698040731,0.031,-0.131908669804073,-0.0103886698040731,1854,0.0202962472440355,"sdb_pc2","female","*","batch_1"
"sex_sdbpc2_mrs","mdl1_both_covar","9",0.129204175645022,0.033,0.0645241756450222,0.193884175645022,1874,0.000111732471611035,"sdb_pc2","female","***","batch_1"
"sex_sdbpc2_mrs","mdl2_both_covar","10",0.104796061254012,0.033,0.0401160612540119,0.169476061254012,1854,0.00170153313076626,"sdb_pc2","female","**","batch_1"
"sdbpc2_mrs","mdl1_both_covar","11",0.241517339360868,0.039,0.165077339360868,0.317957339360868,1874,0.000000000771176619848543,"sdb_pc2","female","***","batch_1"
"sdbpc2_mrs","mdl2_both_covar","12",0.228845442995968,0.038,0.154365442995968,0.303325442995968,1854,0.00000000120458353873888,"sdb_pc2","female","***","batch_1"
"osa_lasso_mrs","mdl1_both_covar","13",-0.0106803263191364,0.038,-0.0851603263191364,0.0637996736808636,1874,0.779044369729131,"sdb_pc2","female","","batch_1"
"osa_lasso_mrs","mdl2_both_covar","14",-0.00959550095414611,0.037,-0.0821155009541461,0.0629244990458539,1854,0.795789691845871,"sdb_pc2","female","","batch_1"
"REI3","mdl1_both_covar","1",0.425492697030702,0.032,0.362772697030702,0.488212697030702,1425,0.00000000000000000000000000000000000000353284726157108,"sdb_pc1","male","***","batch_1"
"REI3","mdl2_both_covar","2",0.422613123204066,0.032,0.359893123204066,0.485333123204066,1402,0.00000000000000000000000000000000000000296559980203408,"sdb_pc1","male","***","batch_1"
"log_HB","mdl1_both_covar","3",0.796557679266043,0.047,0.704437679266043,0.888677679266043,1425,0.0000000000000000000000000000000000000000000000000000000000000000143490694631048,"sdb_pc1","male","***","batch_1"
"log_HB","mdl2_both_covar","4",0.791489831155457,0.047,0.699369831155457,0.883609831155457,1402,0.000000000000000000000000000000000000000000000000000000000000000379741486473099,"sdb_pc1","male","***","batch_1"
"sdbpc1_mrs","mdl1_both_covar","5",0.262341707667993,0.037,0.189821707667993,0.334861707667993,1425,0.00000000000144036862514331,"sdb_pc1","male","***","batch_1"
"sdbpc1_mrs","mdl2_both_covar","6",0.259326361451713,0.036,0.188766361451713,0.329886361451713,1402,0.000000000000972462901025397,"sdb_pc1","male","***","batch_1"
"sex_sdbpc1_mrs","mdl1_both_covar","7",0.316522118314988,0.03,0.257722118314988,0.375322118314988,1425,0.0000000000000000000000000281923527588552,"sdb_pc1","male","***","batch_1"
"sex_sdbpc1_mrs","mdl2_both_covar","8",0.315724960396775,0.029,0.258884960396775,0.372564960396775,1402,0.000000000000000000000000000850402308038185,"sdb_pc1","male","***","batch_1"
"sex_sdbpc2_mrs","mdl1_both_covar","9",0.0866212435131815,0.031,0.0258612435131815,0.147381243513181,1425,0.00528536478666891,"sdb_pc1","male","**","batch_1"
"sex_sdbpc2_mrs","mdl2_both_covar","10",0.0873178129284354,0.031,0.0265578129284354,0.148077812928435,1402,0.00537981677241536,"sdb_pc1","male","**","batch_1"
"sdbpc2_mrs","mdl1_both_covar","11",0.0711074292899115,0.037,-0.00141257071008855,0.143627429289911,1425,0.0574313575921706,"sdb_pc1","male","","batch_1"
"sdbpc2_mrs","mdl2_both_covar","12",0.0621381862864313,0.038,-0.0123418137135687,0.136618186286431,1402,0.103506484247768,"sdb_pc1","male","","batch_1"
"osa_lasso_mrs","mdl1_both_covar","13",0.0706484427582571,0.033,0.00596844275825707,0.135328442758257,1425,0.0321980225918692,"sdb_pc1","male","*","batch_1"
"osa_lasso_mrs","mdl2_both_covar","14",0.0749535005583752,0.033,0.0102735005583752,0.139633500558375,1402,0.0234776230154374,"sdb_pc1","male","*","batch_1"
"REI3","mdl1_both_covar","1",0.168761542308563,0.019,0.131521542308563,0.206001542308563,1425,0.000000000000000000291704654279548,"sdb_pc2","male","***","batch_1"
"REI3","mdl2_both_covar","2",0.166562870776392,0.019,0.129322870776392,0.203802870776392,1402,0.00000000000000000489289897139697,"sdb_pc2","male","***","batch_1"
"log_HB","mdl1_both_covar","3",-0.217887151022741,0.049,-0.313927151022741,-0.121847151022741,1425,0.0000106063932531828,"sdb_pc2","male","***","batch_1"
"log_HB","mdl2_both_covar","4",-0.22127110767151,0.05,-0.31927110767151,-0.12327110767151,1402,0.00000984335101936377,"sdb_pc2","male","***","batch_1"
"sdbpc1_mrs","mdl1_both_covar","5",0.0527166839878012,0.031,-0.00804331601219881,0.113476683987801,1425,0.0934763594525459,"sdb_pc2","male","","batch_1"
"sdbpc1_mrs","mdl2_both_covar","6",0.044862163640013,0.033,-0.019817836359987,0.109542163640013,1402,0.180210230988646,"sdb_pc2","male","","batch_1"
"sex_sdbpc1_mrs","mdl1_both_covar","7",0.0251874210826801,0.031,-0.0355725789173199,0.0859474210826801,1425,0.42025490943784,"sdb_pc2","male","","batch_1"
"sex_sdbpc1_mrs","mdl2_both_covar","8",0.0171828707521856,0.034,-0.0494571292478144,0.0838228707521856,1402,0.608953026369743,"sdb_pc2","male","","batch_1"
"sex_sdbpc2_mrs","mdl1_both_covar","9",0.231797713859507,0.033,0.167117713859507,0.296477713859507,1425,0.00000000000277374088102359,"sdb_pc2","male","***","batch_1"
"sex_sdbpc2_mrs","mdl2_both_covar","10",0.223556155318514,0.032,0.160836155318514,0.286276155318514,1402,0.00000000000438011935597787,"sdb_pc2","male","***","batch_1"
"sdbpc2_mrs","mdl1_both_covar","11",0.225752132549034,0.029,0.168912132549034,0.282592132549033,1425,0.000000000000011162061482866,"sdb_pc2","male","***","batch_1"
"sdbpc2_mrs","mdl2_both_covar","12",0.224785929632025,0.028,0.169905929632025,0.279665929632025,1402,0.00000000000000234896602185326,"sdb_pc2","male","***","batch_1"
"osa_lasso_mrs","mdl1_both_covar","13",0.0470475737423576,0.033,-0.0176324262576424,0.111727573742358,1425,0.149203720104616,"sdb_pc2","male","","batch_1"
"osa_lasso_mrs","mdl2_both_covar","14",0.0393409717543841,0.034,-0.027299028245616,0.105980971754384,1402,0.241741399771137,"sdb_pc2","male","","batch_1"
"REI3","mdl1_both_covar","1",0.510006162297156,0.038,0.435526162297156,0.584486162297156,1522,0.000000000000000000000000000000000000000325501888174509,"sdb_pc1","both","***","batch_2"
"REI3","mdl2_both_covar","2",0.511041091356321,0.038,0.436561091356321,0.585521091356321,1500,0.0000000000000000000000000000000000000000653539889238294,"sdb_pc1","both","***","batch_2"
"log_HB","mdl1_both_covar","3",0.847429874595653,0.031,0.786669874595653,0.908189874595653,1522,0.00000000000000000000000000000000000000000000000000000000000000000000000000000000000000000000000000000000000000000000000000000000000000000000000000000000000000000996371080436105,"sdb_pc1","both","***","batch_2"
"log_HB","mdl2_both_covar","4",0.84594695060572,0.032,0.78322695060572,0.90866695060572,1500,0.0000000000000000000000000000000000000000000000000000000000000000000000000000000000000000000000000000000000000000000000000000000000000000000000000000000000000110784035111792,"sdb_pc1","both","***","batch_2"
"sdbpc1_mrs","mdl1_both_covar","5",0.153683214209018,0.04,0.0752832142090182,0.232083214209018,1522,0.000118365475322791,"sdb_pc1","both","***","batch_2"
"sdbpc1_mrs","mdl2_both_covar","6",0.147211097826353,0.04,0.0688110978263534,0.225611097826353,1500,0.000228634491203806,"sdb_pc1","both","***","batch_2"
"sex_sdbpc1_mrs","mdl1_both_covar","7",0.103136086510138,0.029,0.0462960865101384,0.159976086510138,1522,0.000451635846957413,"sdb_pc1","both","***","batch_2"
"sex_sdbpc1_mrs","mdl2_both_covar","8",0.0990968468510253,0.029,0.0422568468510253,0.155936846851025,1500,0.000682277614284188,"sdb_pc1","both","***","batch_2"
"sex_sdbpc2_mrs","mdl1_both_covar","9",0.100098416659574,0.026,0.0491384166595743,0.151058416659574,1522,0.000144882671637942,"sdb_pc1","both","***","batch_2"
"sex_sdbpc2_mrs","mdl2_both_covar","10",0.107658594156209,0.026,0.056698594156209,0.158618594156209,1500,0.0000453382872761374,"sdb_pc1","both","***","batch_2"
"sdbpc2_mrs","mdl1_both_covar","11",0.115879168890282,0.032,0.0531591688902821,0.178599168890282,1522,0.00027345066954581,"sdb_pc1","both","***","batch_2"
"sdbpc2_mrs","mdl2_both_covar","12",0.127189372290418,0.031,0.0664293722904178,0.187949372290418,1500,0.0000494508510298189,"sdb_pc1","both","***","batch_2"
"osa_lasso_mrs","mdl1_both_covar","13",0.0978380210585554,0.034,0.0311980210585554,0.164478021058555,1522,0.00357880502833068,"sdb_pc1","both","**","batch_2"
"osa_lasso_mrs","mdl2_both_covar","14",0.109224820394988,0.033,0.0445448203949884,0.173904820394988,1500,0.00111187057219138,"sdb_pc1","both","**","batch_2"
"REI3","mdl1_both_covar","1",0.14720653031237,0.025,0.0982065303123698,0.19620653031237,1522,0.0000000073853960609781,"sdb_pc2","both","***","batch_2"
"REI3","mdl2_both_covar","2",0.145653932316828,0.025,0.0966539323168279,0.194653932316828,1500,0.00000000332229320253146,"sdb_pc2","both","***","batch_2"
"log_HB","mdl1_both_covar","3",-0.217244169026684,0.047,-0.309364169026684,-0.125124169026684,1522,0.00000420438795071992,"sdb_pc2","both","***","batch_2"
"log_HB","mdl2_both_covar","4",-0.213750868056647,0.047,-0.305870868056647,-0.121630868056647,1500,0.00000517627944081728,"sdb_pc2","both","***","batch_2"
"sdbpc1_mrs","mdl1_both_covar","5",0.189099168305749,0.046,0.0989391683057487,0.279259168305749,1522,0.000037814292314823,"sdb_pc2","both","***","batch_2"
"sdbpc1_mrs","mdl2_both_covar","6",0.193068850173791,0.046,0.102908850173791,0.283228850173791,1500,0.0000295562133357326,"sdb_pc2","both","***","batch_2"
"sex_sdbpc1_mrs","mdl1_both_covar","7",0.165777469553257,0.042,0.0834574695532574,0.248097469553257,1522,0.0000819363442020912,"sdb_pc2","both","***","batch_2"
"sex_sdbpc1_mrs","mdl2_both_covar","8",0.171045568578649,0.042,0.0887255685786494,0.253365568578649,1500,0.0000495658147513789,"sdb_pc2","both","***","batch_2"
"sex_sdbpc2_mrs","mdl1_both_covar","9",0.0647216835068517,0.039,-0.0117183164931483,0.141161683506852,1522,0.0973423453975872,"sdb_pc2","both","","batch_2"
"sex_sdbpc2_mrs","mdl2_both_covar","10",0.0728267863023176,0.036,0.00226678630231759,0.143386786302318,1500,0.0446254771782307,"sdb_pc2","both","*","batch_2"
"sdbpc2_mrs","mdl1_both_covar","11",0.137961727709382,0.044,0.0517217277093817,0.224201727709382,1522,0.0015448284092561,"sdb_pc2","both","**","batch_2"
"sdbpc2_mrs","mdl2_both_covar","12",0.139709758334907,0.04,0.0613097583349073,0.218109758334907,1500,0.000457144461380325,"sdb_pc2","both","***","batch_2"
"osa_lasso_mrs","mdl1_both_covar","13",0.150545020164476,0.037,0.0780250201644757,0.223065020164476,1522,0.0000566305696000168,"sdb_pc2","both","***","batch_2"
"osa_lasso_mrs","mdl2_both_covar","14",0.150825349478643,0.037,0.0783053494786427,0.223345349478643,1500,0.0000508129121866614,"sdb_pc2","both","***","batch_2"
"REI3","mdl1_both_covar","1",0.594018714835961,0.071,0.454858714835961,0.733178714835961,960,0.0000000000000000531238597997891,"sdb_pc1","female","***","batch_2"
"REI3","mdl2_both_covar","2",0.585077652764112,0.068,0.451797652764112,0.718357652764112,950,0.00000000000000000857262490712708,"sdb_pc1","female","***","batch_2"
"log_HB","mdl1_both_covar","3",0.777224091751434,0.04,0.698824091751434,0.855624091751434,960,0.000000000000000000000000000000000000000000000000000000000000000000000000000000000286696811680969,"sdb_pc1","female","***","batch_2"
"log_HB","mdl2_both_covar","4",0.768656683577932,0.038,0.694176683577932,0.843136683577932,950,0.0000000000000000000000000000000000000000000000000000000000000000000000000000000000000000192084093656316,"sdb_pc1","female","***","batch_2"
"sdbpc1_mrs","mdl1_both_covar","5",0.0938501621415766,0.05,-0.00414983785842342,0.191850162141577,960,0.0625770754663711,"sdb_pc1","female","","batch_2"
"sdbpc1_mrs","mdl2_both_covar","6",0.0780861568055841,0.046,-0.0120738431944159,0.168246156805584,950,0.092790091413708,"sdb_pc1","female","","batch_2"
"sex_sdbpc1_mrs","mdl1_both_covar","7",0.0773336736146737,0.039,0.000893673614673685,0.153773673614674,960,0.0452839303150412,"sdb_pc1","female","*","batch_2"
"sex_sdbpc1_mrs","mdl2_both_covar","8",0.066013066854097,0.037,-0.006506933145903,0.138533066854097,950,0.0751936430895351,"sdb_pc1","female","","batch_2"
"sex_sdbpc2_mrs","mdl1_both_covar","9",0.109402360338411,0.04,0.0310023603384109,0.187802360338411,960,0.00619934267670845,"sdb_pc1","female","**","batch_2"
"sex_sdbpc2_mrs","mdl2_both_covar","10",0.105225511502355,0.04,0.0268255115023553,0.183625511502355,950,0.00825500672220065,"sdb_pc1","female","**","batch_2"
"sdbpc2_mrs","mdl1_both_covar","11",0.112012005014688,0.037,0.0394920050146885,0.184532005014688,960,0.00229367550638735,"sdb_pc1","female","**","batch_2"
"sdbpc2_mrs","mdl2_both_covar","12",0.101950817410046,0.036,0.0313908174100457,0.172510817410046,950,0.00450587335993475,"sdb_pc1","female","**","batch_2"
"osa_lasso_mrs","mdl1_both_covar","13",0.0330121442992162,0.036,-0.0375478557007838,0.103572144299216,960,0.363671140601758,"sdb_pc1","female","","batch_2"
"osa_lasso_mrs","mdl2_both_covar","14",0.0287286989486851,0.035,-0.0398713010513149,0.0973286989486851,950,0.405248243461863,"sdb_pc1","female","","batch_2"
"REI3","mdl1_both_covar","1",0.127914414035998,0.032,0.0651944140359975,0.190634414035998,960,0.0000554649844766185,"sdb_pc2","female","***","batch_2"
"REI3","mdl2_both_covar","2",0.126907643929666,0.032,0.0641876439296656,0.189627643929666,950,0.0000639033778792991,"sdb_pc2","female","***","batch_2"
"log_HB","mdl1_both_covar","3",-0.336492788250009,0.051,-0.436452788250009,-0.236532788250009,960,0.0000000000592151826259423,"sdb_pc2","female","***","batch_2"
"log_HB","mdl2_both_covar","4",-0.334342364421041,0.049,-0.430382364421041,-0.238302364421041,950,0.0000000000130636514899216,"sdb_pc2","female","***","batch_2"
"sdbpc1_mrs","mdl1_both_covar","5",0.19688805141171,0.065,0.0694880514117098,0.32428805141171,960,0.00261424461675995,"sdb_pc2","female","**","batch_2"
"sdbpc1_mrs","mdl2_both_covar","6",0.208834684698741,0.061,0.0892746846987413,0.328394684698741,950,0.000617082930961388,"sdb_pc2","female","***","batch_2"
"sex_sdbpc1_mrs","mdl1_both_covar","7",0.217677941202871,0.056,0.107917941202871,0.327437941202871,960,0.000114975225755048,"sdb_pc2","female","***","batch_2"
"sex_sdbpc1_mrs","mdl2_both_covar","8",0.219714448153688,0.054,0.113874448153688,0.325554448153688,950,0.0000469863508446493,"sdb_pc2","female","***","batch_2"
"sex_sdbpc2_mrs","mdl1_both_covar","9",0.0257847731175836,0.059,-0.0898552268824164,0.141424773117584,960,0.660782550998851,"sdb_pc2","female","","batch_2"
"sex_sdbpc2_mrs","mdl2_both_covar","10",0.0347634431256893,0.051,-0.0651965568743107,0.134723443125689,950,0.491767887392105,"sdb_pc2","female","","batch_2"
"sdbpc2_mrs","mdl1_both_covar","11",0.13464453960653,0.065,0.00724453960652963,0.26204453960653,960,0.0372551482076373,"sdb_pc2","female","*","batch_2"
"sdbpc2_mrs","mdl2_both_covar","12",0.126004705527558,0.056,0.0162447055275577,0.235764705527558,950,0.0249716273447428,"sdb_pc2","female","*","batch_2"
"osa_lasso_mrs","mdl1_both_covar","13",0.144062307182571,0.049,0.0480223071825715,0.240102307182571,960,0.0034365364007466,"sdb_pc2","female","**","batch_2"
"osa_lasso_mrs","mdl2_both_covar","14",0.124865920610159,0.048,0.030785920610159,0.218945920610159,950,0.00900830290072744,"sdb_pc2","female","**","batch_2"
"REI3","mdl1_both_covar","1",0.468911199754609,0.043,0.384631199754609,0.553191199754609,562,0.000000000000000000000000000384560673554777,"sdb_pc1","male","***","batch_2"
"REI3","mdl2_both_covar","2",0.46528832411799,0.042,0.38296832411799,0.54760832411799,550,0.0000000000000000000000000000760351317116908,"sdb_pc1","male","***","batch_2"
"log_HB","mdl1_both_covar","3",0.962905122491107,0.034,0.896265122491107,1.02954512249111,562,0.00000000000000000000000000000000000000000000000000000000000000000000000000000000000000000000000000000000000000000000000000000000000000000000000000000000000000000000000000000000000257799940440272,"sdb_pc1","male","***","batch_2"
"log_HB","mdl2_both_covar","4",0.9734717507077,0.031,0.9127117507077,1.0342317507077,550,0.00000000000000000000000000000000000000000000000000000000000000000000000000000000000000000000000000000000000000000000000000000000000000000000000000000000000000000000000000000000000000000000000000000000000000000000000000285871984181768,"sdb_pc1","male","***","batch_2"
"sdbpc1_mrs","mdl1_both_covar","5",0.202104089170029,0.053,0.0982240891700286,0.305984089170029,562,0.000136533052135347,"sdb_pc1","male","***","batch_2"
"sdbpc1_mrs","mdl2_both_covar","6",0.20251082436361,0.05,0.10451082436361,0.30051082436361,550,0.0000550075464010778,"sdb_pc1","male","***","batch_2"
"sex_sdbpc1_mrs","mdl1_both_covar","7",0.125018647647385,0.041,0.0446586476473855,0.205378647647386,562,0.00220631588001946,"sdb_pc1","male","**","batch_2"
"sex_sdbpc1_mrs","mdl2_both_covar","8",0.126559828377523,0.042,0.0442398283775235,0.208879828377523,550,0.00263437440970164,"sdb_pc1","male","**","batch_2"
"sex_sdbpc2_mrs","mdl1_both_covar","9",0.0993979131613018,0.044,0.0131579131613018,0.185637913161302,562,0.0250008605636567,"sdb_pc1","male","*","batch_2"
"sex_sdbpc2_mrs","mdl2_both_covar","10",0.10004882650682,0.045,0.0118488265068204,0.18824882650682,550,0.0257341344656782,"sdb_pc1","male","*","batch_2"
"sdbpc2_mrs","mdl1_both_covar","11",0.121110938436208,0.052,0.0191909384362079,0.223030938436208,562,0.0193698516347345,"sdb_pc1","male","*","batch_2"
"sdbpc2_mrs","mdl2_both_covar","12",0.136883692859194,0.048,0.0428036928591936,0.230963692859194,550,0.0041458792596728,"sdb_pc1","male","**","batch_2"
"osa_lasso_mrs","mdl1_both_covar","13",0.16870931089801,0.055,0.0609093108980102,0.27650931089801,562,0.00227815670076575,"sdb_pc1","male","**","batch_2"
"osa_lasso_mrs","mdl2_both_covar","14",0.178424624641495,0.052,0.0765046246414946,0.280344624641495,550,0.000590382670158263,"sdb_pc1","male","***","batch_2"
"REI3","mdl1_both_covar","1",0.138294479544101,0.034,0.0716544795441011,0.204934479544101,562,0.0000569610596752326,"sdb_pc2","male","***","batch_2"
"REI3","mdl2_both_covar","2",0.136759404151209,0.032,0.0740394041512095,0.199479404151209,550,0.0000178694621451803,"sdb_pc2","male","***","batch_2"
"log_HB","mdl1_both_covar","3",-0.0270138556075639,0.083,-0.189693855607564,0.135666144392436,562,0.745417947379235,"sdb_pc2","male","","batch_2"
"log_HB","mdl2_both_covar","4",-0.0154962165865469,0.08,-0.172296216586547,0.141303783413453,550,0.846413275033493,"sdb_pc2","male","","batch_2"
"sdbpc1_mrs","mdl1_both_covar","5",0.165326292342971,0.051,0.0653662923429714,0.265286292342971,562,0.00109870549480295,"sdb_pc2","male","**","batch_2"
"sdbpc1_mrs","mdl2_both_covar","6",0.1590906444875,0.051,0.0591306444874998,0.2590506444875,550,0.00164330320751043,"sdb_pc2","male","**","batch_2"
"sex_sdbpc1_mrs","mdl1_both_covar","7",0.119930589795525,0.052,0.0180105897955249,0.221850589795525,562,0.0216566431319408,"sdb_pc2","male","*","batch_2"
"sex_sdbpc1_mrs","mdl2_both_covar","8",0.120238205898196,0.051,0.020278205898196,0.220198205898196,550,0.0183487112377352,"sdb_pc2","male","*","batch_2"
"sex_sdbpc2_mrs","mdl1_both_covar","9",0.118085492001063,0.05,0.0200854920010628,0.216085492001063,562,0.0185708611775383,"sdb_pc2","male","*","batch_2"
"sex_sdbpc2_mrs","mdl2_both_covar","10",0.131893160321891,0.047,0.0397731603218909,0.224013160321891,550,0.00516801321548349,"sdb_pc2","male","**","batch_2"
"sdbpc2_mrs","mdl1_both_covar","11",0.142336564102093,0.047,0.0502165641020935,0.234456564102093,562,0.00222369411278586,"sdb_pc2","male","**","batch_2"
"sdbpc2_mrs","mdl2_both_covar","12",0.151050959375512,0.05,0.0530509593755117,0.249050959375512,550,0.00231956043676884,"sdb_pc2","male","**","batch_2"
"osa_lasso_mrs","mdl1_both_covar","13",0.145396118330722,0.054,0.0395561183307224,0.251236118330722,562,0.00667828521552748,"sdb_pc2","male","**","batch_2"
"osa_lasso_mrs","mdl2_both_covar","14",0.156081926921922,0.052,0.0541619269219221,0.258001926921922,550,0.00290484821252951,"sdb_pc2","male","**","batch_2"
